"Year","Belgium","Bulgaria","Czechia","Denmark","Germany","Estonia","Ireland","Greece","Spain","France","Croatia","Italy","Cyprus","Latvia","Lithuania","Luxembourg","Hungary","Malta","Netherlands","Austria","Poland","Portugal","Romania","Slovenia","Slovakia","Finland","Sweden","Iceland","Norway","Switzerland","Serbia","Turkiye"
"2014",69202786.13,44482999.13,85070438.35,64676052.67,662356550.91,18498406.48,34023275.5,74441473.76,200881452.22,253017054.35,13118487.3,257962868.18,5442692.42,6955643.01,12026747.06,6780910,35922158.58,2427883.48,147652569.46,44339328.24,269909388.09,42545787.25,66203202.38,9750627.34,26665689.06,44900715.27,37062214.23,4247572.52,53786251.34,27052658.14,35919684.58,280146977
"2015",71895703.31,47144934.25,83960284.9,68280862.92,666026516.21,15290103.52,35807246.72,70951375.82,215782321.67,253820658.06,12977202.67,262962327.13,5250016.58,7251349.11,12622365.3,7631415,37842948.96,1687126.99,153250033.25,45406103.54,273372565.64,46848142.76,64824876.91,9923024.34,27806964.93,41641665.25,37544045.87,4495222.77,60809261.77,26746007.98,43665398.04,310123230
"2016",71627061.68,44822120.94,86095390.75,73463290.18,657452631.59,16962030.11,39796178.43,68985864.96,204417582.29,253953753.32,13042454.5,260583343.72,5594924.22,7083570.54,12296092.3,7474114,37505459.54,1345031.45,152738166.97,44618393.29,284120185.6,44624918.1,63038788.28,10392081.77,28362529.42,44945858.63,38828540.56,5131369.32,52388806.84,26938847.5,44757929,323151517
"2017",71658116.71,46720379.44,84522238.28,72654851.32,649273598.36,18053840.73,41808714.75,74376892.38,219079617.01,263741587.5,13659990.32,261483093.45,5825333.14,7215957.33,12958343.1,7450554,39524581.02,1488089.1,150141833.3,47695358.1,300712032.07,49669685.25,65048380.69,10598340.59,29340846.19,42234732.81,37409441.97,5502454.26,55009483.01,26450944.43,45630398.38,337000661
"2018",73544083.46,42562492.98,85917613.26,73425967.48,627782258.63,17128830.16,42501389.71,73997783.63,212811390.79,256242750.46,12705855.47,256155930.02,5874594.89,7823740,14105526.84,7588714,39888109.4,1615909.14,146206401.72,45168202.93,300861879.16,46103947.59,64811227.57,10875014.13,29707094.56,43604005.64,37257668.47,5744632.24,58284265.98,26154334.23,45175655.47,333548997
"2019",74209541.64,41209020.26,80891193.23,70299345.18,565374403.53,11924934,41482761.28,68586235.64,196989064.14,250715911.34,12882215.72,249747825.1,5659033.18,7888435.71,14472688.95,8217502,38517209.28,2244158.71,143049217.09,48747123.71,287282933.78,42352944.61,61502732.5,10721298.36,27593906.48,40868254.77,36222037.63,4889713.46,58492593.47,26230909.78,44025922.67,312146432
"2020",67941159.47,35296686.17,71628725.85,60295669.25,494367063.77,8475035.61,28605060.23,57986171.28,160658120.97,218902335.05,12174729.04,221208643.2,5513894.21,6269420.28,16153504.97,7337272,35444347.82,1986561.15,124964191.08,42609391.57,270746814.83,35135076.89,57918955.99,10221652.71,24834536.16,34002039.54,31319526.95,3845543.54,52590067.93,20976303.73,44930847.67,315280430
"2021",69018533.11,41128466.51,76676215.92,68746022.73,539064362.44,9631930.03,30980283.68,58404618.84,174108191.72,239180438.62,12387731.33,242104205.96,5459210.13,6655388.02,16396189.11,7367722,36048975.02,2487478.71,126891000.92,45072094.1,301953740.94,34562853.42,59881572.48,10053994.64,28705471.83,34103501.66,33666297.75,3872976.33,50386252.76,22238481.77,43308686,349242964
"2022",66214322.31,45957738.53,77121407.77,62745554.5,543638476.74,11086367.58,38556757.43,54630305.6,182676092.15,235168416.28,12467259.06,248705540.08,5549664.37,6567978.58,15222431.94,6854931,35658206.71,3054450.56,120955699.52,46145695.5,290536493.45,36416170.44,55897874.56,9020508.49,25078804.03,34640190.89,32899479.56,4940792.11,51380854.79,22952844.33,43562540.39,336372930
"2023",61481321.41,31872057.31,67950178.59,60965641.28,477174998.32,8391837.16,38287501.26,46879879.95,168009695.12,216764078.21,11610000.23,228167639.98,5568842.86,6668554.46,14807599.23,6596821.78,32511269.05,3086872.33,111964055.4,44701734.57,265202735.6,32283670.91,52411532.24,8517453.08,24900706.83,30160300.99,31720386.52,5514264.48,47632688.39,3183345.7884444445,5765889.310666666,42567331.22962963
"2014",2075140.84,818555.74,1621766.21,1851007,13689144.61,267046.18,1032893.91,840412.18,15200251.64,14484905.76,766457.92,8437995.71,68346.08,496605.92,469500.33,67500,2155972.04,17841.18,9044913.19,901107.91,20827781.28,1565900,1304749.83,266807.29,184187.89,1898197.8,2324173.32,474785.67,1156273.88,900083.79,476646.86,4043956
"2015",2338832.47,835832.77,1730365.98,1838062.08,14513927.54,211831.81,1032443.89,923719.53,14117695.11,14318923.48,768034.28,8565319.72,84056.51,502200.59,442626.28,67000,2248104.55,17494.77,9381743.29,901484.7,20573356.57,1612800,1422317.66,265002.47,208689.64,1800209.19,2294037.05,488270.41,1157767.12,958743.43,500347.27,9823975
"2016",2344404.35,800346.06,1780000.71,1879469.45,13072081.41,227959.51,1097461.4,882377.48,14016577.87,13613735,779637.01,8744523.82,80926.77,555549.46,632866.76,76400,2337654.17,19393.44,9245236.11,926842.97,23026630.54,1625100,1520631.67,264507.24,199099.35,1922852.94,2168547.58,461157.6,1222994.19,964936.7,742086.51,10215647
"2017",2393460.89,821858.11,1669025.3,1789739.97,12764095.98,214759.36,1032857.4,853890.85,13858123.82,13333979.94,793144.94,8569254.21,85734.78,593208.17,665945.16,69400,2263171.47,20125.41,9404173.1,914305.27,20428318.55,1634300,1656772.26,265195.38,213065.92,1770081.26,2104657.99,435750.52,1301744.4,924718.37,687649.04,10807422
"2018",2546052.41,880545.51,1663090.05,1823216.08,12329866.21,248859.9,1218733.84,820125.38,13878508.98,13576478.66,792600.89,8995947.73,80392.42,601639.61,668338.44,68300,2353240.58,37800.06,9824132.09,904098.47,21232251.26,1611400,1911224.25,271203.71,211156.62,1786723.27,1913771.21,464283.33,1374270.54,868778.18,483459.58,10932837
"2019",2662865.98,850706.01,1669926.12,1698702.48,12089301.82,257600.62,1116263.79,809577.19,13946817.83,13079673.78,806153.27,8603989.97,86306.23,655554.14,677664.14,67300,2394331.24,48440.8,9663558.61,901811.6,21256528.91,1673300,1873888.38,272062.06,227366.96,1741913.71,1944207.93,464111.81,1360333.22,888928.4,521845.14,11267656
"2020",2730647.97,798267.66,1676201.44,1753304.68,12157166.36,202811.69,1182911.28,1332699.66,13857057.18,13913725.33,849411.21,8642537.8,90052.27,678650.37,542685.85,77100,2392960.11,42173.24,9448129.29,884976.95,21849362.84,1743400,1841780.1,268891.54,213156.23,1779851.67,1865154.96,543774.28,1466730.04,871621.99,559966,11983282
"2021",2882693.92,864292.85,1657429.6,1870611.42,12256089.85,178648.64,1376580.99,1117391.42,13726897.4,13658934.54,862483.98,9231035.14,86234.71,682468.3,564963.28,72000,2378944.87,44945.98,9620656.52,903894.8,21271620.24,1822800,2009877.9,269293.19,231323.8,1571165.38,1859078.54,547271.43,1507551.63,848209.26,422593.07,11514853
"2022",2502917.63,902860.36,1681089.95,1964271.6,12146296.53,192564.49,1650533.09,1142679.52,13420591.04,13717228.86,846830.35,8790193.14,82379.29,721930.78,450969.1,66608,2205861.21,61599.33,7332422.95,891255.56,20048461.71,1781500,2015465.83,276217.72,235783.09,1693848.18,1636265.94,495300.95,1448524.97,811561.59,539411.28,11243949
"2023",2478208.79,901463.96,1573167.34,1996790,11276433.01,215273.27,1540230.55,1152813.77,14228489.68,13397353.3,820462.36,8494071.94,82663.95,694341.01,426013.38,63938.08,1895327.46,29025.81,7814641.86,766595.67,19386821.75,1661510.34,1943480.15,241713.09,233034.91,1532664.16,1603607.94,634715.21,1504048.55,3183345.7884444445,5765889.310666666,42567331.22962963
"2014",565616.04,240509.77,4004743.18,1726144,5115898.98,78193.85,55858.88,57856.94,2231315.61,510877.14,623125.73,2932545.66,16122.23,44535.87,17454.27,6400,200491.58,6847.02,2363662.32,730330.65,1539840.61,228500,968078.47,84561.49,66106.09,439170.14,933330.61,901.37,15801041.35,70173.04,334458.44,1204235
"2015",381546.09,288948.97,4064059.06,1772312.05,4962581.78,71275.67,52289.71,85398.27,1127806.04,512547.8,489049.61,3012994.92,13753.99,41693.41,17526.71,9000,188101.76,6284.6,2073896.82,687233.92,2365173.93,256200,995548.62,88130.07,63436.32,387977.31,911991.09,1129.98,16202533.69,72600.28,392476.01,1172442
"2016",407171.63,255308.59,4123371.02,1682487.08,5106639.83,79741.72,56088.39,89421.09,1515540.29,552329.92,441653.76,2750475.76,14292.47,50007.13,16830.28,7500,194551.69,5885.26,1882819.06,672134.18,2027796.68,244200,908594.52,83274.78,58819.54,376557.74,909200.97,1360.52,15754828.88,76218.1,334659.26,1207389
"2017",387132.52,272615.94,3868073.08,1683576.46,4942871.15,92788.01,56011.65,99130.31,1591887.29,586963.08,534393.14,2972914.64,20868.68,37994.47,17877.32,6000,212318.86,5791.52,1920861.78,711932.92,1962975.77,268600,877197.44,85319.66,64154.51,439148.4,922024.07,1900.96,15423745.92,76033.53,445495.88,1270416
"2018",406341.61,262645.81,4095500.99,1614997.06,7380346.98,87147.42,59531.68,97452.68,1702911.74,564607.49,494350.2,3285805.68,29738.48,50525.26,20045.63,6400,245681.66,3516.54,1843413.3,720506.53,1913105.57,280000,935422.81,92236.39,62597.82,459912.43,875589.01,2077.66,15166785.27,85940.04,501357.58,1301574
"2019",428095.99,207138.86,3477470.07,1491451.11,7457518.9,74902.96,63593.05,70199.13,1696888.31,499193.13,536376.77,3095555.26,37951.15,45796.57,22590.5,6800,262171.46,3763.14,1688061.17,691877.46,2246609.31,286700,886065.93,85034.87,51484.84,428856.2,888341.65,2043.18,15175104.4,82435.28,175133.49,1242460
"2020",406712.75,247782.08,3176383.99,1059133.08,5201881.99,48434.17,28753.61,65079.12,1445875.97,341655.08,494900.38,2769783.03,41875.09,55433.75,18761.71,6100,243560.04,4147.39,1632888,667177.12,2455903.13,278000,887938.43,86488.57,44325.41,438317.56,898154.79,2305.17,14464580.8,78655.98,180204.51,1178156
"2021",405800.48,292781.12,2630571.9,1068096.27,5491933.4,50621.53,32961.84,67306.88,1628755.35,363167.78,526039.15,3575499.63,35769.34,45058.1,16644.75,8300,241077.34,4314.88,1541050.49,816714.2,2540831.28,306900,860908.05,70727.78,47746.67,447781.43,875417.88,2968.42,13343845.01,78060.71,205617.66,1305975
"2022",341430.64,300780.09,2266848.34,1042113.61,5437944.19,18655.3,12718.76,36736.76,1294624.99,218953.82,668221.25,3117754.3,47160.16,38102.68,20258.29,6600,245660.84,4874.34,1319036.84,711190.05,2510278.41,313800,942864.73,65844.92,44271.46,446516.53,814236.12,3165.77,13365159.74,69109.07,256560.07,1257721
"2023",335894.91,293831.61,2261297.19,1065873.54,5100857.55,20171.71,11868.79,37217.59,1090008.12,213799.04,555843.35,2856383.92,47323.06,39494.76,19092.06,6067.81,227966.42,4552.23,1320543.22,668229.43,2455739.7,288840.84,897677.02,61658.7,44015.82,412871.4,816235.98,3259.69,12350877.78,3183345.7884444445,5765889.310666666,42567331.22962963
"2014",33239452.6,6962202.06,18901211.87,5355800.53,191470983.84,2382899.88,6449323.75,17966530.73,70771409.86,94260886.8,5271287.77,86575306.71,1709981.67,1303093.23,5804662.95,1482733,9782924.13,79042.94,41992270.03,25999261.14,61938240.81,14938600,23522235.41,2573566.47,14641696.66,12368705.22,14000583.59,1708386.16,11423748.07,8312118.62,6757970.96,119251101
"2015",33326193,7952346.91,18176763.97,5408809.89,199119941.76,2259288,6691519.74,17270627.83,75121567.98,91035830.1,5038535.47,90162039.38,1524459.79,1167386.46,6134324.21,1451367,10537131.22,81990.88,42396606.63,26504832.85,60828214.26,15352900,21530469.1,2475031.98,14576105.33,12054318.13,14328518.83,1788399.55,11756632.8,7469940.97,7997845.95,127184832
"2016",33524995.74,8562078.38,17982894.43,5589718.83,202065879.22,1633678.51,6882847.75,18082390.12,76230727.36,90719587.4,4785849.44,87634165.46,1526718.58,990113.57,5445591.54,1479019,10595678.36,77166.36,43716342.85,26256598.05,61341693.57,14167200,21687631.19,2484662.56,14774215.42,11877437.4,14565862.92,1767290.92,11511699.46,7441279.62,9150748.64,132445123
"2017",33633859.87,9232742.89,17643554.55,5892070.91,207782363.58,1778273.9,7099062.6,18093770.75,77240969.82,89367694.49,5279536.31,85757795.54,1586109.79,1127892.15,5400470.54,1471512,11751492.46,71355.11,44861175.77,27069033.52,64521412.3,14897800,22093134.43,2653328.67,15281563.32,11424304.66,14397219.4,1851691.34,12097505.81,7293333.06,9510340.66,136257601
"2018",34088883.99,9383222.46,18315588.83,5681014.9,199633023.82,1855157.49,7403523.49,17274215.21,78574541.7,88266211.5,5170026.39,86252915.48,1452654.24,1342692.91,5184168.91,1487914,12148681.66,68209.37,44631092.94,25497030.06,66289669.71,14170400,22831264.5,2802646.7,15699165.4,11462557.5,14429348.41,1869640.76,12050798.79,7156093.99,11257297.85,135469144
"2019",34288546.03,9129664.43,17651117.25,5560998.36,193948641.69,2151394.77,7159707.89,16105910.5,76690186.36,85870296.51,4885791.7,81681559.43,1408204.54,1293777.83,5405720.97,1523502,11863415.98,66503.88,44128569.04,26442245.61,65773980.53,14624500,23019297.04,2786119.76,13533610.03,11051140.6,14457942.57,1925175.72,11519432.29,6976568.19,9946431.94,123835543
"2020",31881916.75,8609108.34,16850788.61,5515238.84,186942771.78,1541294.77,7187455.48,14975744.7,69328366.6,75305382.2,4648587.22,73721274.53,1535781.76,1223231.25,5274987.3,1383818,11344573.46,66713.11,43478935.75,25310695.84,62209510.37,14205900,23957115.51,2653339.63,12534566.41,10275684.05,12470000.94,1899320.81,11523997.84,6691586.23,9045414.25,136951025
"2021",33469127.26,8971905.9,18021758.91,5703301.79,194825179.94,1360514.68,7489953.81,16262834.64,74021868,82373499.14,4549724.6,85332172.05,1494102.08,1211575.42,5147813.93,1389822,11241289.92,68034.63,44219108.47,27165837.63,63976120.55,13645700,24256071.08,2720248,14932311.45,10389795.93,13655456.84,1973915,11719320.57,6795919.9,9458830.11,151308073
"2022",30623219.62,9152228.64,16835436.27,5295879.15,184078191.38,1218180.19,6986350.83,16481128.71,66391763,76703903.25,4127252.66,85863029.91,1489062.21,1167557.19,4676423.78,1173123,9729873.55,72655.42,40827790.96,25343520.47,59511814.71,13077100,19818833.49,2550090.78,12260658.66,9888485.09,13285194.18,2037710.97,11527378.1,6455260.38,9461049.24,140962146
"2023",28299352.23,7969222.68,16496618.47,4573775.81,167359690.4,984188.46,6519463.98,16226781.98,59927987.37,70802888.85,3838949.76,81606857.52,1494209.58,1207224.5,4275228.92,963499.72,8752788.11,67823.9,38281422.95,23819985.78,54700409.41,11005759.4,17720411.61,2383433.62,12377697.68,8782007.37,12807224.36,1913040.56,10707407.13,3183345.7884444445,5765889.310666666,42567331.22962963
"2014",15075467.78,28671644.96,48424192.11,13002764.3,314152788.3,13357373.34,10591618.69,40784409.44,61605932.19,24700118.94,3685156.11,85981958.81,2942652.51,1682137.3,1883469.43,726600,11786834.97,1655100.95,48454865,6530849.7,149115971.67,12044300,27676145.72,4489238.49,6108631.1,17918661.01,6391361.64,189731.14,581956.92,417433.82,27017051.93,118479260
"2015",15866160.45,29669645.06,47246808.04,10145419.28,302403674.28,10331291.88,11130645.05,35912010,72135030.55,27753972.04,3707876.44,90249008.94,3025407.4,1757805.75,1752333.91,502200,12133858.25,886825.45,52963564.08,7531847.12,150851327.01,15595900,27805708.43,4608559.86,6365188.25,15041860.86,6067316.16,169176.7,575885.36,520382.95,33371317.66,119519473
"2016",14604240.28,26178594.91,48717149.29,11363305.98,298235165.99,12845119.22,11870577.67,31759638.99,56813253.53,31418425,4000090.51,89816866,3302368.36,1835839.55,1500339.29,288600,11893994.75,578687.98,51830277,7338948.85,150817986.8,14501200,25350262.12,4991872.7,6323735.46,17043251.02,6636441.35,153778.8,589724.24,610110.16,33044872.2,126603753
"2017",14681233.9,27495657.74,47752901.82,9432793.81,278863397.15,13807486.68,10901635.84,35358933.13,66710533.57,35672888.91,3581584.22,90437805.45,3290233.4,1540572.73,1189256.43,283200,12113560.5,725479.7,48150015.03,8023846.64,152154327.88,18286800,26091063.19,4990147.73,6376597.46,15277969.91,6226808.18,151326.44,607943.14,573729.96,33534629.97,136533554
"2018",14835371.94,23367121.25,47947627.05,8517437.5,265156873.75,12809104.33,9389415.86,33714568.85,57614942.53,26890700.86,3008892.97,82014790.72,3344719.94,1898634.92,1160807.72,258700,11225147.88,698599.36,44452329.25,7097740.33,149721647.17,15164300,24710574.27,4867256.12,6294369.41,16449516.34,6452397.38,161546.56,654056.01,561897.89,31506516.21,140472068
"2019",15085969.06,22221394.91,44012934.66,5338954.59,215592656.75,7039882.7,8223664.78,27834948.74,42005426.09,25528652.91,3291543.25,78446363.53,3284395.14,1806735.47,970652.62,256700,10785616.8,739840.53,41422389.23,7183867.78,136055019.39,10361900,21157634.07,4636489.62,5998867.3,13986329.87,5363848.3,171913.05,609098.77,588162.47,31918612.69,130368770
"2020",13917449.83,17616302.7,37571137.8,4411420.9,180393498.68,4755792.38,7559336.43,20077744.52,28897905.54,22939829.88,3292175.16,69957273.21,3006586.74,1352643.36,1347126.27,245400,10552767.02,810415.17,32388723.03,5864892.9,125770838.5,7785000,17690788.88,4571072.05,5515346.69,11006993.62,4952395.92,180293.02,575393.88,525313.83,33615031.87,123298647
"2021",12881308.78,21990957.35,40413049.51,5317932.74,207515336.33,6154401.08,9140807.33,20612927.74,29274332.52,24869423.44,3311734.37,73108199.34,3080017.31,1415586.79,1504270.56,246100,9802341.24,772223.97,32258507.12,5873994.5,145976279.32,6000900,18381608.2,4254810.25,6067529.58,11653542.45,5781483.61,180928.6,618084.39,595128.54,31526798.56,139449919
"2022",13548137.95,26764823.36,42083654.24,5118290.52,216552402.14,7661492.8,8943044.85,19247781.89,40415588.42,25539695.99,3505814.42,79956421.82,3101193.91,974730.57,1230259.77,208300,9077564.56,797188.8,30384998.95,5985951.63,139946026.52,6378400,17865648.31,3453909.73,5282956.82,10934882.8,5348913.91,198860.93,597547.91,480089.73,31389124.78,135630487
"2023",11294474.66,13695471.65,32711787.69,3895134.06,171449422.01,5071075.47,7331309.75,11576540.97,30001556.01,17964857.16,3428437.92,61618441.36,3111913.23,986261.49,1188138.5,195884.89,7678434.19,777773.27,23440674.3,5281715.06,120218556.44,4222213.83,17110450.68,3400412.18,5115837.89,8162931.1,4993320.94,173773.96,588255.55,3183345.7884444445,5765889.310666666,42567331.22962963
"2014",706416.71,94716.75,619330.47,1322339.5,4644815.94,17921.19,262061.59,106547.42,2546355.84,9626665.28,987.93,6505718.71,13981.94,32234.25,52127.55,19700,222965.9,20941.05,3366657.43,221417.4,571461.68,1391900,544170.99,56154.99,95954.69,379594.45,309184.31,11173.08,773276.75,2410540.49,17725.16,215727
"2015",748124.78,104039.98,623743.93,1396472.59,3987546.22,18039.74,315215.83,64726.85,2600374.57,9715395.31,1022.92,6521039.68,13674.39,33241.61,46714.99,14361,199179.94,20136.72,3151583.09,208510.82,696854.5,1438400,575605.76,64828.32,105627.49,326401.03,308557.55,10889.76,812636.75,2493745.52,15208.69,220856
"2016",635727.7,94156.35,678556.37,1516446.51,4191647.94,26433.78,289199.03,88116.82,2771289.62,9766298.41,1032.82,6712899.96,15587.47,37415.59,45871.37,12742,175458.32,20475.26,3287969.5,235224.63,1045918.61,1594900,498349.73,61736.46,103196.95,337068.28,304046.48,12772.23,822020.5,2540049.09,9913.05,238033
"2017",705380.64,98468.84,700620.82,1497059.36,4084786.25,19243.08,538791.52,108295.73,2950250.66,9798130.54,1231.24,6635386.9,17863.41,40636.77,47489.71,12000,172966.92,18896.16,3159275.76,241881.35,1210423.79,1642100,487216.05,69205.13,102017.98,270884.14,297908.85,14377.41,830340.46,2539094.82,15034.43,251531
"2018",769029.47,105373.16,764763.16,1496752.76,3941685.39,31811.45,798687.06,66247.79,2873500.98,9865477.36,1168.49,6886909.41,16883.96,37536.94,50303.8,11600,168568.42,9087.79,2895314.67,283433.38,1388442.72,1611400,520813.34,67389.89,123175.26,267629.23,290773.11,15360.98,844934.57,2566519.76,15253.75,255070
"2019",782373.41,105733.75,754273.37,1548768.46,3957855.84,32743.66,876283.95,73392.8,3033009.62,10118564.15,1254.46,6936211.64,23467.31,35521.57,60488.02,17500,167748.48,9827.02,2806077.68,276204.18,1460647.75,1590800,479087.44,70029.46,120224.25,269701.63,271059.18,17584.78,819983.79,2602615.87,16485.25,243581
"2020",707917.62,113468.13,810599.65,1572439.51,3823758.17,45445.29,880807.3,62493.23,2883970.14,9952632.7,1104.08,6754649.14,26208.03,37387.12,40022.83,12454,137534.5,9335.83,2748096.43,192111.75,1416685.9,1475400,497167.35,67064.23,111219.91,307422.14,247831.24,14302.05,831327.64,2565879.06,15728.29,238433
"2021",734099.12,123646.37,753294.85,1519360.88,3736954.91,31201.43,790286.7,92270.13,3170356.46,10060010.71,1201.59,6974213.24,22058.03,32196.02,27075.95,15500,142375.28,9467.49,2519631.31,136420.31,1422506.81,1593800,485696.19,64631.99,105268.21,343186.83,273105.39,16772.37,792660.56,2531850.23,17945.36,269429
"2022",666442.72,128490.75,785336.89,1595645.04,3746850.12,30869.33,747755.66,71363.03,3256221.23,10022312.04,1333.82,6729372.57,23184.41,41125.96,35739.73,14800,128299.39,11276.41,2457313.52,159057.08,1567723.54,1483200,547568.4,63560.27,100420.8,318532.22,243974.3,18445.57,818871.99,2482020.48,19184.39,267250
"2023",673294.02,121913.61,739765.55,1601738.95,3496164.27,33925.62,697784.32,74170.68,3290559.59,9982555.95,1131.96,6570945.88,23264.42,43299.49,33321.17,13238.22,121232.36,10567.71,2725390.83,148898.86,1510013.76,1346011.11,525191.87,63093.21,99458.81,288230.46,235978.31,9016.92,270394.47,3183345.7884444445,5765889.310666666,42567331.22962963
"2014",2308184.87,516355.13,1219547.23,1393879.88,7326724.21,169173.36,291831.43,259746.37,4162562.94,8200797.16,267920,6189044.82,79033.94,215286.42,194797.46,141800,864947.64,33361.95,3364107.52,1126985.17,541022.03,922600,3099328.32,410331.21,1905553.05,1252136.65,1869451.03,142784.45,2124774.08,1264629.47,118204.99,3750820
"2015",2348807.42,630534.02,1201888.84,1429580.53,7421579.88,157327.67,282728.35,233108.53,3714263.77,8241443.57,275822.72,5999113.89,81780.72,238226.55,213560.49,164200,945840.28,37416.61,3328320.85,1007645.76,506215.16,1076100,3193236.57,435879.77,1913950.92,1041243.16,1929468.84,147383.71,2190644.01,1233482.51,132533.38,3619729
"2016",2365075.72,448315.16,1314486.68,1475835.04,7368888.52,190560.36,296966.37,253722.62,3953389.21,8324723.15,275903.95,5856811.66,94954.79,210570.94,144648.93,149800,966034.42,37826.19,3452572.44,935744.06,542833.74,1027600,2996423,444992.86,1952628.07,1234713.39,1942224.97,172010.76,2152543.41,1202343.2,76373.27,3711525
"2017",2394366.56,446624.42,1326244.27,1506301.74,7625392.63,157601.01,356171.13,172132.73,4030151.57,8330847.15,338612.21,5621430.6,109030.37,211781.08,143703.34,148600,993111.88,38307.44,3398022.27,1059343.4,668012.88,1116900,3033702.13,487768.38,2044596.89,1289726.75,1856847.33,186600.63,2228210.93,1174367.11,99730.14,3846853
"2018",2538896.36,537556.97,1299564.28,1531631.37,7346327.07,165592.14,387377.46,211038.48,4226515.31,8460924.96,330430.66,5759006.43,110318.68,211350.27,139387.07,146400,1151246.25,55702.4,3407244.78,1076784.21,669935.99,1129100,3076211.34,536894.41,2063979.45,1517021.61,1830764.29,168725.89,2317351.7,1148408.87,103445.33,3911195
"2019",2584122.72,578799.82,1333384.43,1481226.46,7634296.85,163088.36,466287.14,142213.42,4531506.3,8415635.75,357053.18,5858607.88,126477.32,220671.84,137803.65,153000,1122808.93,67199.46,3243654.57,1062656.34,637532.16,1140100,2896432.7,560704.69,2080937.16,1556705.62,1905409.9,183259.54,2166122.09,1149360.22,124008.27,3800795
"2020",2416212.02,578018.4,1314148.37,1521266.86,7495126.9,166906.79,469082.04,166647.39,3281051.18,7527458.15,328672.08,5016989.89,146918.86,199672.04,137344.25,171200,1095457,75243.46,3224332.08,1043228.39,687426.59,1132600,2877947.07,559720.56,2011873.24,1371651.11,1893926.81,116915.26,1989289.98,1138923.4,152235.46,3639947
"2021",2419513.32,602934.01,1522208,1514711.81,7790628.89,206977.95,626429.29,195451.57,3890049.94,8448056.91,370064.46,6746816.02,128030.06,232792.34,86102.43,119900,1214758.28,80090.69,3149178.33,969299.33,719281.99,1268200,2967473.85,579351.37,2116329.14,1362223.19,1970824.18,97893.55,2150031.18,1149532.3,176412.02,4008073
"2022",2525607.15,543534.54,1631048.27,1552390.86,7620523.67,232230.02,698757.49,207710.17,3772063.24,8465675.12,408773.67,6582775.88,128125.7,244796.04,103185.12,116100,1178100.76,98095.66,3317697.22,1385426.79,702036.95,1276000,3169310.01,578806.53,2102331.75,1606473.05,1772929.12,121095.77,2098335.84,1134687.47,194040.04,3864656
"2023",2475133.35,515410.57,1594590.76,1562436.84,7102138.71,257999.64,652060.63,211111.58,3655607.73,8107058.98,352172.58,6669159.76,128568.63,261635.54,97755.63,103791.18,1081230.25,91592.95,3348961.84,1297421.46,691133.26,1126251.81,3142440.23,551981.5,2077185.71,1455262.91,1726807.96,103801.36,1775241.25,3183345.7884444445,5765889.310666666,42567331.22962963
"2014",2504976.13,543076.56,958808.17,936363.02,15521291.67,192497.93,706495.7,845489.18,5502615.57,9939127.58,371135.03,9655642.17,100328.88,192828.16,198899.94,189600,1665870.4,58518.53,3826546.53,945395,6400078.27,1536200,1396081.39,325041.91,230370.37,147458.48,1437303.04,27173.34,1118513.04,1625349.4,282804.75,7878660
"2015",2614913.29,588040.22,982668.22,950102.6,15779880.84,196529.04,789034.27,919645.71,5802172.02,10291745.99,402546.21,9241975.73,109842.83,228444.44,220244.71,243000,1907838.49,59624.85,4015570.31,925295.37,6799688.49,1521300,1388802.92,343389.89,315942.29,55532.38,1411840.45,28425.28,1111620.92,1657216.02,307296.07,12952156
"2016",2567895.85,606332.39,1013497.37,921910.23,14829179.1,139097.41,859736.64,879499.57,6326086.51,10297938.52,413010.89,9100070.57,115635.35,227998.04,233663.93,214600,1826780.38,56031.57,4061010.8,799249.81,8173741.94,1500500,1469668.91,354085.57,376063.81,60210.93,1359394.45,32065.41,1191376.57,1655315.47,305597.15,12996227
"2017",2523341.72,639666.9,1096187.87,939935.66,15182227.83,144725.27,866017.68,806432.29,6513850.18,10946438.56,468987.27,8777207.32,126047.67,269473.81,246500.86,212500,1852771.62,54682.97,4165874.2,856424.54,22994327.87,1542800,1552433.14,389545.7,420572.75,72092.24,1309332.7,36083.42,1042937.54,1608250.48,310407.59,12749484
"2018",2557872.94,690755.21,1156898.93,946919.5,14560180.95,143126.7,939187.29,783763.76,6764718.84,11247635.05,452687.53,9337280.57,129318.06,216502.73,278178.76,191600,1909838.02,44877.02,3870851.98,951992.23,21112765.35,1626200,1557017.41,426717.5,469831.68,88588.07,1313093.39,36266.74,1056709.92,1466742.26,307834.32,10447252
"2019",2479266.24,648830,1171569.65,927808.9,14456194.83,143675.21,922730.05,735216.83,6780262.84,10427169.37,469213.51,9132288.45,135636.76,212379.1,225914.52,224500,1853105.02,46090.94,3609225.54,947968.46,8078676.44,1685800,1561161.51,444547.2,530000.94,62403.9,1348967.4,34218.19,1164264.02,1444360.42,304732.32,10649762
"2020",2257721.56,611760.65,952390.94,863845.12,13716570.14,148967.07,914996.98,672573.53,5601263.08,8420655.28,418942.22,7435534.35,154186.33,280746.2,148004.26,169500,1605719.64,38927.12,3181469.26,1001226.66,7382883.35,1349200,1482791.63,419998.71,436908.91,84843.05,1209417,29135.54,1027187.26,1351116.01,320674.15,10298991
"2021",2279332.14,674704.32,1121704.24,912045.87,13749738.53,151023.84,924539.33,717884.34,6821347.09,9681410.17,460552.47,8753756.83,133549.53,276343.15,132370.62,170200,1796953.38,40695.59,3328824.9,996968.76,8150424.89,1483300,1599018.16,446856.03,438937.21,80293.62,1204752.07,32242.4,1243279.26,1408687.28,353361.13,11153416
"2022",2027966.82,701444.2,1133014.16,841194.06,13416516.07,178480.69,1081282.97,744178.65,6987785,9024565.54,481820.91,8478238.19,130584.76,424176.25,125924.71,154600,1803877.28,51769.8,3289890.19,1132067.62,8022999.94,1576700,1693185.56,442918.34,471531.26,86190.87,1190800.75,35730.35,993629.26,1276173.87,399769.88,11512236
"2023",2006303.1,701986.36,1116435.03,812021.82,12533643.89,199223.89,1009022.53,747805.82,7041190.98,8604454.08,445405.58,8162034.05,131035.87,410119.6,119783.64,151230.89,1602523.36,24121.69,3232523.62,962318.92,7761934.24,1478417.39,1644285.67,390524.42,451731.33,79728.76,1170323.47,36460.17,1007970.35,3183345.7884444445,5765889.310666666,42567331.22962963
"2014",6032904.58,6066259.69,7553689.26,37444080.46,77679829.94,1547679.93,12979088.87,12807524.23,29287799.05,60366073.11,1382631.27,39159936.17,322845.59,2609753.41,2939252.29,3733600,5906339.44,427862.34,26335338.66,6229869.93,15734039.04,8189755.07,4579794.66,880202.4,1891699.43,8966910.99,7574281.72,1470495.39,19796608.23,7495728.2,210369.02,18565451
"2015",6972584.14,6653187.64,7896814.08,43678508.63,84469053.26,1585062.22,13709748.32,14591118.57,31541257.21,59536011.41,1435394.03,36084580.03,204169.5,2876184.72,3350008.87,4695100,5987163.43,434022.8,26564043.36,5988742.23,16715956.68,8246174.57,4821552.41,911962.6,2600141.71,9438916.31,8077069.4,1651664.38,26078868.16,7851328.25,213864.14,23055570
"2016",7540585.52,7430119.54,8641611,47430364.52,82678856.79,1570746.5,16530426.16,16046105.51,32815108.61,57796885.49,1459724.73,35647015.7,254210.73,2754519.07,3707396.72,4698000,5866721.34,408646.97,25667546.47,5876066,19604032.45,8233050.44,5384299.59,894302.21,2842713.49,10457385.28,8807113.78,2308512.92,18113809.63,7947318.26,267549.13,23337372
"2017",7112181.02,7286722.72,9019236.96,48204667.4,87270077.41,1599763.87,19032978.24,18027845.22,35358174.47,63260787.86,1699261.03,38968395.22,381682.64,2995565.28,4640130.88,4713500,6501740.25,420530.1,25621119.48,7084071.05,11808079.63,8595795.42,5813043.29,891394.68,2878633.01,10172198.2,8226097.96,2596851.8,20462405.28,7966454.92,229321.28,23271384
"2018",7662185.97,6915115.87,8853118.15,50177586.06,89391041.57,1543684.15,20297018.39,20250761.95,35836658.57,64117883.17,1510215.57,39489170.63,501041.05,3022068.26,5963326.61,4815800,6931802.21,534454.82,25973894.39,6896810.79,12326400.15,8767764.8,5753573.18,1051750.79,2908642.36,10209649.66,8114894.23,2800198.41,23780791.62,8269585.5,224803.56,21429710
"2019",7757617.18,7055220.18,9172065.12,50687746.41,81191908,1825792.46,20568645.05,21970605.47,37302128.26,63636088.2,1579949.4,41447393.56,321737.95,3178553.34,6357916.03,5309200,6357199.82,1097380.04,27457837.5,9368548.86,41127239.96,9261563.9,6093359.23,1084748.52,3016937.97,10427179.16,7981655.92,1870699.52,24936980.23,8533536.98,241345.79,21111100
"2020",6411392.93,6369755.72,7775612.94,42002525.42,57622689.27,1324979.36,8402651.63,19663079.94,25677636.21,50899759.46,1270152.5,32362273.4,290764.03,2074104.16,8225882.7,4804800,4560534.4,819669.7,21073958.06,5730860.11,39110678.08,5475166.5,5359162.5,853395.18,1981227.03,7507665.14,5841422.96,881149.41,20098102.97,3992264.7,228552.76,18491711
"2021",6343429.95,7191000.81,9006500.77,49136866.14,65662382.11,1290431.63,8615497.93,18658554.58,30676326.87,56919534.03,1332593.42,36674850.63,270315.31,2312123.92,8533291.99,4794000,5364708.7,1342271.29,22023142.28,6303264.63,46656704.77,6798751.2,5744118.89,953169.41,2703235.08,7073678.11,6135509.57,841687.51,18260949.49,4600404.11,256464.83,20395655
"2022",6795718.81,7023240.06,9200715.62,43814830.84,73732370.3,1307413.82,16537619.16,15786891.15,36727323.59,61566290.24,1489802.05,38221500.27,331734.59,2469166.94,8199303.13,4602500,7657494.09,1796696.49,24079488.27,8534174.45,47536039.05,8723077.9,6031808.41,848878.96,2604362.07,8351268.54,6863860.21,1808973.28,19831991.77,6563257.43,265275.57,21390990
"2023",6787766.73,7245103.19,9989369.31,43966492.38,73563913.8,1335471.94,18753952.88,15941108.74,37938359.76,58920147.34,1303743.03,41701209.11,332881.26,2551727.87,8309253.51,4598638.48,7933599.91,1994681.46,24022732.96,9998676.49,48032547.6,9407505.82,5773428.21,768478.45,2597656.53,8263253.68,6648971.48,2433037.22,18582173.45,3183345.7884444445,5765889.310666666,42567331.22962963
"2014",589089.25,56634.4,144133.53,112931.68,4967811.34,52459.56,255727.42,165377.66,2693748.64,2237102.96,35353.09,1661616.52,45746.61,18788.33,16067.79,22600,106791.02,39995.6,928952.3,189979.09,392033.4,180800,153338.68,72664.45,123529.93,12561.65,76798.11,2972.56,62300.74,588284.98,35013.72,1689508
"2015",651810.99,50766.58,152706.34,118625.47,4827747.84,62937.64,280983.78,215113.22,2638934.65,2359950.4,41172.91,1762559.19,49671.92,22093.75,14012.7,30600,113348.3,50217.6,1009413.9,189366.64,405012.97,198900,152680.56,81202.11,125379.61,11067.76,78538.51,3488.26,62686.37,573201.24,46918.04,3356699
"2016",670450.39,52308.85,158743.88,114000.27,4353546.66,15345.28,242430.52,200876.17,2748749.48,2349778.73,42409.68,1557711.44,49043.12,17713.05,17722.15,34200,106687.11,53381.26,1026008.42,173741.66,437521.33,204700,159169.07,91845.99,131543.15,12800,76380.46,3934.52,65019.66,607844.88,50943.27,3282328
"2017",668215.57,47777.59,43447.2,116592.25,4495763.94,16356.82,233595.18,181679.2,2900239.55,2418932.29,46551.19,1595066.73,53718.56,18083.82,18418.09,36200,110837.35,50863.89,1010128.13,219175.95,599360.49,202700,171052.82,85778.2,143446.82,5984.47,75180.28,4653.96,52990.23,609725.64,48716.91,3159418
"2018",732033.22,54849.45,77794.07,114399.52,4239035.81,19614.86,212286.1,187149.04,3049550.07,2457894.54,45741.85,1998052.66,53684.34,13836.82,21833.06,38500,111381.15,45422.28,1015385.76,200783.65,629337.29,245900,174797.62,88786.26,140022.6,5057,72820.56,5009.38,64283.2,572878.8,51156,2385557
"2019",711055.28,56725.94,93132.5,104029.97,4411845.25,20828.08,235002.66,219219.51,3028630.66,2452036.58,46106.82,1817274.87,67493.87,14765.7,21310.6,40000,110286.24,45450.32,998242.49,195300.89,356464.16,214100,175619.54,91656.21,142166.78,6582.91,70913.36,5055.09,57796.4,499720.74,50627.65,2480254
"2020",644485.94,37504.04,44010.62,95145.52,3363191.81,24185.89,208195.24,51242.61,2312686.86,2153301.01,42281.75,1401636.18,48553.85,13322.83,15043.55,15900,75921.18,33866.24,881449.46,180235.92,334568.71,142100,163519.5,76352.71,134832.36,5545.12,66075.64,4405.42,48952.59,474146.33,56791.34,2358501
"2021",694035.56,49062.08,67183.3,107504.84,3448197.5,11481.13,189301.2,77334.93,2617259.28,2299624.09,47945.14,1695180.61,48274.85,15799.29,40634.03,22100,98125.43,36388.95,927773.42,157594.97,354799.35,149300,176342.43,75273.79,146923.88,5346.1,66359.24,4557,42912.81,484199.94,60452.01,2504363
"2022",419809.76,58674.92,68383.29,100885.38,3640163.95,11557.01,147455.3,56891.67,2332152.09,1964625.53,45638.21,1489419.6,57018.39,13004.64,36222.53,33900,105189.03,44827.3,805183.31,170036.65,318034.42,184600,188130.71,79365.44,131463.57,5869.85,60289.16,5116.83,41540.03,427402.18,71224.47,2621736
"2023",415264.78,57181.75,66219.15,96471.43,3395548.93,13312.16,137601.09,57175.68,2462637.06,1851434.37,43340.27,1486889.57,57214.97,12562.71,33791.84,33150.2,91303.25,20435.16,765985.34,143239.29,308047.95,173965.87,180283.53,69648.87,125106.93,5250.22,59342.4,5551.97,43494.44,3183345.7884444445,5765889.310666666,42567331.22962963
"2014",266029.63,30925.88,87252.58,86722.37,1349269.28,14808.11,94149.99,39088.01,166160.98,903737.07,64855.61,256595.67,7750.91,8535.34,13400.6,36300,352098.71,4631.26,281513,61162.97,1299680.46,53600,265498.44,36456.38,21825.33,30308.7,125773.08,2354.31,29781.25,169516.63,43425.17,139969
"2015",273571.95,29732.38,390695.93,88971.64,1356999.99,10659.1,134565.11,32698.98,169171.28,973452.51,73913.04,244332.85,8256.59,11732.79,12914.85,43800,364191.57,4932.35,300421.82,56521.76,1413574.42,50000,264254.87,39494.8,31716.76,9613.77,120088.96,2292.45,27814.19,141264.47,47508.04,225042
"2016",273953.44,30367.23,94725.4,91476.33,1251932.49,9655.21,117036.97,35352.88,178888.34,990804.84,76319.57,234427.43,7915.05,12367.84,30858.03,41400,338792.65,4656.93,285517.53,43957.08,2066960.47,50600,277040.34,42693.82,35429.85,10837.69,112600.86,2454.83,25394.98,164878.54,46860.16,226593
"2017",289164.34,31786.09,96636.92,88895.38,1336999.42,10065.44,109056.84,29701.21,193371.87,1047988.29,83119.16,229732.67,8689.71,10268.53,32918.41,38900,317134.35,4837.72,223246.39,44441.38,3194413.3,48100,295107.02,44494.3,39048.4,3965.21,107988.67,2884.12,19500.71,146304.83,49198.36,222853
"2018",282648.17,28989.07,98921.25,83054.28,1250836.5,9864.76,104938.37,24333.29,206651.58,1076266.6,81351.91,262902.48,7993.87,10241.26,42522.53,36900,302016.52,11158.73,213907.54,51070.59,3228348.54,52200,301590.77,46846.56,48608.87,4007.22,105809.06,3248.72,19894.08,121723.52,50550.48,184324
"2019",297613.75,25919.49,100573.08,76545.2,1347698.8,9765.22,138256.54,28938.2,217403.58,1109152.94,82255.57,250411.29,7750.93,13502.92,50316.05,46400,279526.53,14252.37,200419.69,48811.05,1172197.98,56200,303466.81,49146.06,49519.88,10621.16,100592.69,2925.14,18941.07,125759.57,61292.6,187417
"2020",254636.55,21192.01,70853.3,72914.58,1367330.71,9771.4,138077.49,29913.25,190799.63,952183.39,74867.38,211889.51,8082.95,9520.5,34239.33,39600,269643.54,11683.05,158977.85,51810.26,936283.3,51600,286071.59,43157.31,50737.44,4331.85,92283,2451.33,15801.37,127989.07,57872.87,181536
"2021",259339.96,25384.73,78771.54,84469.16,1416495.85,8619.94,156736.62,25070.18,227196.95,1072499.47,84100.14,249429.78,7481.27,9753.36,32569.47,17700,287965.52,12984.23,168245.57,47176.38,979485.22,72000,307454.02,43767.56,49680.13,4566.44,86953.18,2673.92,16175.58,164051.23,67552.09,197067
"2022",247791.46,25938.21,98346.26,72172.38,1416376.68,9551.01,106593.33,26737.6,221044.24,984400.75,82299.2,234923.33,7342.91,11284.79,34413.31,37200,243245.48,16244.1,158560.87,56888.85,1043023.3,77500,329230.46,45011.81,43907.27,5057.88,75389.59,2825.46,14291.28,128053.36,86036.68,203055
"2023",245356.93,23477.55,92956.03,65683.56,1321143.29,10941.31,99469.87,26835.3,227308.62,952245.85,76896.47,227064.69,7368.1,10915.86,30811.89,36391.34,211371.94,7729.04,145726.82,48357.13,1011425.27,73520.39,315497.81,39455.06,41904.96,4546.97,74579.67,3016.78,15596,3183345.7884444445,5765889.310666666,42567331.22962963
"2014",269128.5,23523.28,54230.74,52259.05,999082.74,8761.18,30341.33,9582.24,226968.08,897458,49368.66,415979.68,5676.61,5543.4,9342.97,112800,226488.17,263.54,410074.45,25712.09,597187.19,92500,198644.57,46705.08,6425.35,191577.81,79349.02,178141.55,243.21,284248.19,107170.63,264668
"2015",301749,5669.64,48485.82,52167.44,992052.66,5520.57,33879.85,12342.87,225115.39,955052.6,59566.63,510012.76,7823.74,6447.52,12898.4,131423,225229.09,251.62,431198.22,24288.11,612432.36,90100,196181.41,51075.14,9027.79,191081.8,83068.98,166976.86,197.96,244724.99,73311.88,468856
"2016",305765.71,6250.59,53736.4,58641.93,777807.05,4714.05,33148.54,13379.48,231795.37,973892.07,61893.36,506680.49,7338.4,6952.31,22386.7,160062,206484.42,296.39,444844.66,24540.82,954402.15,81200,201725.8,52744.85,14972.34,137346.45,81962.6,175773.38,225.33,263999.1,121852.88,465592
"2017",301632.98,5767.71,54544.83,55943.14,793002.74,4564.23,40559.22,12617.35,242671.61,997325.62,64731.04,511705.94,7527.5,5867.1,27458.78,187300,202537.98,488.99,466019.34,38787.36,2103288.18,69700,219401.32,55363.75,24491.71,92959.23,84448.57,177393.54,335.07,220184.14,127529.44,453158
"2018",299026.45,5731.53,58482.22,55843.99,681836.87,4407.1,45380.65,11384.42,256133.8,1033009.88,64344.33,545552.51,7088.73,11644.32,26653.94,208800,190691.48,996.65,444353.44,52690.08,2279494.55,44100,224478.62,56883.87,30223.45,108642.72,78682.02,173124.03,199.79,194681.28,103197.99,359359
"2019",269011.98,6166.78,48437.13,50950.34,701834.65,4454.22,57400.62,12526.1,255325.12,1028961.94,63477.66,571227.31,10894.07,7112.53,31197.55,244500,190877.72,903.15,404945.09,67181.23,1019851.67,46200,225226.14,56934.57,51533.25,135763,77179.82,166466.18,1196.09,186717.34,107712.82,369230
"2020",237221.27,5508.77,47490.68,48388.46,689942.24,4714.91,69365.34,20637.75,228775.75,844847.95,58600.12,467233.53,12948.06,5581.76,32474.84,136100,191856.67,690.81,341897,66276.35,843620.65,53500,211195.48,50239.16,48339.94,75706.12,74152.2,130178.8,840.2,189574.44,106093.54,354845
"2021",244436.17,7078.88,36887.77,49809.51,683136.85,3375.76,67610.76,18329.59,260968.12,994887.83,66384.95,583550.14,11301.33,4456.2,38742.46,294400,196908.63,694,361410.18,61079.33,861927.67,42700,227953.72,49849.69,37726.1,135048.62,99838.69,128864.24,164.32,206315.83,117987.33,381434
"2022",227985.39,7025.3,39107.85,46554.56,652244.97,4537.35,72439.49,16403.76,248842.86,963712.26,59366.59,555361.91,11374.33,10247.53,32901.89,230000,163399.1,868.24,339790.7,70454.96,838051.97,46100,239971.17,51909.53,32566.08,159721.58,93744.93,164318.83,246.18,178607.68,128248.52,395895
"2023",226080.1,6596.68,37420.77,43763.61,616243.23,5083.1,67598.47,16526.98,258354.83,926330.23,54722.34,499507.07,11413.41,9978.47,29960.79,224670.23,143735.13,493.26,324473.5,62130.96,822860.41,45453.86,229961.64,46154.95,31356.88,144236.47,92657.23,150868.72,268.34,3183345.7884444445,5765889.310666666,42567331.22962963
"2014",68594.59,33483.27,215641.44,123715.97,399898.65,73337.36,29271.07,387.68,529295.28,415925.78,103971.24,436107.37,1585.7,104578.41,41574.18,25900,449076.28,8088.35,302741.22,18533.67,622958.27,13900,427956.58,30087.54,185222.15,85700.1,207850.94,3624.38,101401.35,150735.79,5817.45,398093
"2015",72980.15,31577.64,188210.7,129958.65,414591.75,65837.68,42039.85,503.81,518833.9,438364.52,125435.12,418492.08,2290.17,109134.86,62115.01,28700,481416.66,8121.6,310426.35,21094.61,660503.89,13200,422883.45,31134.91,194086.69,125864.96,200268.07,4197.42,95965.62,68802.35,4613.55,408011
"2016",78373.49,32609.35,164126.64,111941.92,387563.98,55258.76,49545.96,621.89,537377.41,437891.05,130077.47,392564.66,2598.61,120212.54,89375.63,28400,484477.31,3714.98,308019.13,25173.69,780904.54,13600,435499.5,38900.59,203847.45,160166.73,196332.2,5058.62,100334.25,110444.52,4880.54,440404
"2017",84824.84,32347.15,71844.79,119168.18,427959.55,50757.16,26095.75,842.53,556563.54,456438.27,137229.79,383282.66,3008.57,111042.03,95603.96,30500,461737.62,3779.28,338344.89,55253.63,1516682,13600,473345.7,33773.31,226852.67,148260.29,183920.5,5871.88,85915.91,139140.41,5445.37,463612
"2018",90885.57,32588.95,155619.03,113459.48,412078.49,51018.86,42102.32,903.99,573774.4,474528.25,136318.24,432087.37,3191.25,144856.92,48862.04,29200,463231.27,8249.42,279618.45,50358.65,1297146.47,14300,484399.42,34084.9,212859.09,45109.24,179556.48,6392.73,121776.86,128543.33,5606.12,468876
"2019",95669.59,31632.83,161206.33,108218.8,454838.83,45868.5,24969.28,1571.63,597907.79,493134.84,134727.16,405584.53,3962.83,94814.14,47596.46,33600,466985.38,7914.02,254608.28,47385.16,455358.7,14900,485107.85,35508.95,215028.58,37475.62,179026.4,6238.48,77097.66,90687.37,5830.76,448831
"2020",73397.34,26660.08,150517.11,105990.77,464071.45,47543.65,21417.98,2053.55,587632.8,401695.77,124801.57,297084.13,5287.51,89089.34,23076.97,15300,470691.74,5954,228911.01,50677.5,432264.62,12100,452379.9,30011.42,211836.23,32650.02,166800.44,5812.05,69828.69,122337.03,6397.45,440724
"2021",74586.32,31507.12,165263.25,119271.62,481114.74,45039.29,26288.13,1915.1,654289.31,457405.01,142429.29,373291.67,4428.11,179842.33,16515.99,14200,497078.73,6094.26,252497.24,43983.08,511198.19,18400,489148.28,26727.01,230410.52,40524.47,164252.24,5722.26,76189.78,127341.01,7248.07,497944
"2022",80296.02,34962.69,120088.7,108442.19,485058.91,43795.33,33383.34,1571.89,619946.99,429476.78,128227.21,348188.82,4508.47,101784.15,16687.46,27600,476948.96,7624.31,229801.97,53605.34,463694.98,19900,515713.24,29002.75,230320.7,32627.92,150002.44,6112.42,69801.51,82754.27,8517.36,493709
"2023",79476.1,34285.29,117633.79,108638.04,457782.86,48927.7,31152.38,1583.68,644030.38,418864.51,118428.31,336264.31,4524.02,99060.68,15825.35,26957.97,420387.42,4409.21,220343.18,47091.85,455660.89,19465.4,494202.14,25809.78,222871.04,29295.98,148039.92,6328.13,72266.94,3183345.7884444445,5765889.310666666,42567331.22962963
"2014",865004.68,51376.19,159540.38,150890.95,3302899.58,48423.72,185045.36,72850.43,631091.94,1908331.73,113777.6,1003619.15,13230.04,24634.81,71936.71,34000,338152.96,13860.29,664611.87,157199.38,3529297.03,113800,481111.78,143103.62,389055.52,27263.96,445486.36,3736.92,138760.61,486311.02,74799.89,468752
"2015",979115.14,29884.64,177597.38,150538.59,3500100.46,38287.61,205120.09,95658.16,642359.19,2057672.14,130094.87,999293.94,15496.56,29777.31,35931.23,43000,378344.84,13905.16,717503.91,159460.41,3801581.09,112200,478768.39,155997.51,420714.07,52494.27,440532.42,4004.46,122032.5,493338.85,81164.07,774220
"2016",1054626.07,39762.42,189379.41,153360.09,3469488.32,31558.9,212443.34,91030.73,679587.27,2121483.7,134218.9,1021608.8,17353.41,36447.07,44106.08,39800,372456.24,13805.12,724928.31,169551.67,4177274.35,114100,501794.04,161506.06,441479.37,62140.96,414540.75,4650.34,110776.45,455076.91,92448.24,776321
"2017",1095910.07,29328,175914.43,148595.75,3787373.2,32064.03,214044.44,84739.1,728000.14,2206416.81,146589.51,987720.09,19889.35,42801.92,46135.98,47800,362949.68,13113.27,766897.73,157757.78,3212075.78,119100,533747.43,157781.32,487220.89,42015.94,399582.55,5026.25,101727.25,426596.59,86134.02,761403
"2018",1098895.88,32380.35,226394.09,150610.53,3826040.7,28098.47,228640.53,79844.37,766181.42,2275108.21,143552.75,1063421.31,18197.41,33853.37,56713.22,94600,365012.29,27465.99,757302.5,188308.18,3390524.22,125100,545112.91,158436.82,469168.44,12015.18,389573.17,5348.44,98922.51,476048.27,87576.25,622510
"2019",1162681.17,34606.66,197068.95,142453.98,4166431.5,27877.17,210243.1,94022.97,788313.76,2454124.33,145086.7,1047992.07,19196.76,33593.82,52979.23,52000,354511.27,26202.71,754332.57,182360.55,1227244.47,130100,547827.13,165291.37,482958.58,9217.89,388219.75,5140.19,79542.07,468407.68,89717.17,634566
"2020",1084715.98,30054.17,130141.62,150813.78,3817718.44,28249.35,259755.74,105979.86,677905.64,2086553.57,132428.01,1002702.7,21876.07,23014.18,36373.24,76200,344570.49,20222.64,651289.67,195643.21,1141199.14,131000,514765.28,163770.32,483100.68,8302.39,360163,4572.13,70131.75,410742.99,94018.65,613058
"2021",1156297.88,31448.35,149551.66,167662.77,3903684.73,29431.3,199873.6,77948.31,836284.61,2244833.28,149473.97,947328.47,20752.45,22584.57,39212.61,26800,367465.61,20695.67,680385.3,198566.52,1304939.13,157200,553905.19,155572.02,497981.13,9321.49,310544.36,5081.18,92266.03,492607.34,105316.51,663701
"2022",1076742.83,36754.76,145378.48,148499.43,3879595.54,36670.66,197285.91,93235.58,846890.65,2139429.61,145920.93,903548.22,17882.79,48471.03,39774.45,30600,319084.54,25891.6,689277.56,242087.39,1237079.28,167600,593185.35,165198.34,489653.91,13173.35,271555.2,5347.13,69888.35,406143.28,124931.52,685118
"2023",1066769.28,34896.4,139434.41,147662.91,3636113.27,41405.32,184101.6,93805.36,866267.2,2049044.36,134886.46,864136.21,17944.29,47221.86,36356.31,29897.81,280249.98,13180.82,676189.77,213492.71,1211013.73,161759.99,568452.06,146102,467963.24,11911.28,267625.14,5094.06,74379.91,3183345.7884444445,5765889.310666666,42567331.22962963
"2014",1652855.66,94762.23,375331.8,221257.71,2724385.4,63667.61,111479.25,54814.23,743078.49,7890663.95,89619.67,1030698.79,20686.98,53980,31155.35,55600,515796.04,6760.77,2293870.75,320216.98,747272.53,219300,342428.54,84826.48,167329.24,322162.79,459444.01,9324.35,174841.12,293948.46,83706.91,462700
"2015",1753691.34,100904.94,369339.35,227311.11,2690448.54,51649.92,121097.53,53538.09,796629.79,8200830.86,100551.72,981954.91,19953.68,58595.69,60836.92,50800,613064.78,7273.62,2358925.32,286826.15,803012.46,223300,341268.67,91420.68,205214.91,230548.84,472727.7,9842.35,201105.44,291544.23,81739.82,623768
"2016",1906628.67,96858.77,466601.88,221824.48,2289206.26,58910.6,155997.42,57902.74,836552.14,8071900.24,103431.68,956399.58,19161.97,52128,80456.89,53300,648383.77,7207.6,2547936.54,260463.1,1424116.55,227100,358071.95,97802.66,222542.63,243601.63,460498.59,11279.27,305339.87,281415.6,98722.02,645101
"2017",1971270.88,99891.67,533650.03,231946.58,2412855.24,55209.91,169063.94,52056.88,871399.16,7921222.28,115409.05,929541.52,24212.39,43004.43,86655.19,41000,730433.27,7254.63,2568278.02,294592.99,3922594.84,248900,379361.04,102067.42,294752.77,248076.1,453993.07,12768.77,356338.09,284679.73,98587.82,648573
"2018",2103047.23,113039.13,493938.76,245957.33,2039760.48,63303.42,146687.18,50986.57,901316.33,8114827.32,112312.97,1029215.12,25130.44,47850.8,109205.68,39500,835645.96,23863.7,2649100.34,343821.97,6109622.04,264400,386440.97,108949.36,284685.46,236589.51,468738.14,13567.57,391780.73,274735.33,105203.1,579801
"2019",2220907.85,109244.62,402188.66,251160.24,2111274.04,60593.15,175678.6,51962.31,957305.66,7968780.94,114961.28,1015063.54,26711.05,57894.42,113042.95,62300,853678.15,24846.98,2730639.64,370724.72,1770814.37,276400,389905.62,114441.03,396287.5,257755.25,481135.29,13998.35,208817.51,267143.58,105338.21,577494
"2020",1837652.28,98549.93,390832.52,253422.89,2077543.25,59098.42,129715.23,21058.87,747907.93,7171887.48,103384.8,891781.69,28381.57,47983.17,75639.13,67300,717343.31,13446.15,2210865.13,399590.52,1772892.7,232600,367825.07,97983.6,368300.43,301515.49,454330.71,11903.94,155331.14,257807.95,105669.5,565424
"2021",1793853.31,104248.91,358724.63,261223.76,2071044.88,62051.48,118808.52,31882.91,901934.32,7890643.75,114138.88,1106473.58,27331.8,49859.73,73366.32,30900,873137.81,14161.65,2277857.7,418164.65,1805539.48,269600,394647.1,102760.69,348491.38,244581.34,466418.45,13333.79,166728.73,301583.94,117525.77,624131
"2022",1844080.06,104592.44,374127.1,258119.41,1983229.15,88482.64,101425.04,33884.2,917406.02,8041192.72,113565.5,1073058.87,27475.37,84925.2,68972.32,33600,912939.46,22206.34,2450008.37,509475.12,1795211.49,286500,423381.1,103384.97,342978.51,264807.14,432798.49,16585.18,173941.16,293135.3,136455.88,634382
"2023",1846802.65,104020.54,377336.7,253152.42,1883769.87,95971.06,94646.96,34182.92,930533.91,7652372.45,103233.66,1002288.6,27570.14,83300.44,65671.22,32767.99,836520.01,17113.65,2473250.53,464185.55,1776741.2,284168.59,405721.29,92156.03,338677.64,240461.18,424125.42,16577.79,179794.65,3183345.7884444445,5765889.310666666,42567331.22962963
